site,amino_acid,site_SARS1,amino_acid_SARS1,RBM,sse,SARS2_ACE2_contact,SARS1_ACE2_contact
331,N,318,N,FALSE,NA,FALSE,FALSE
332,I,319,I,FALSE,NA,FALSE,FALSE
333,T,320,T,FALSE, ,FALSE,FALSE
334,N,321,N,FALSE, ,FALSE,FALSE
335,L,322,L,FALSE,B,FALSE,FALSE
336,C,323,C,FALSE, ,FALSE,FALSE
337,P,324,P,FALSE, ,FALSE,FALSE
338,F,325,F,FALSE, ,FALSE,FALSE
339,G,326,G,FALSE,H,FALSE,FALSE
340,E,327,E,FALSE,H,FALSE,FALSE
341,V,328,V,FALSE,H,FALSE,FALSE
342,F,329,F,FALSE,H,FALSE,FALSE
343,N,330,N,FALSE,S,FALSE,FALSE
344,A,331,A,FALSE, ,FALSE,FALSE
345,T,332,T,FALSE,S,FALSE,FALSE
346,R,333,K,FALSE,S,FALSE,FALSE
347,F,334,F,FALSE, ,FALSE,FALSE
348,A,335,P,FALSE, ,FALSE,FALSE
349,S,336,S,FALSE,B,FALSE,FALSE
350,V,337,V,FALSE,G,FALSE,FALSE
351,Y,338,Y,FALSE,G,FALSE,FALSE
352,A,339,A,FALSE,G,FALSE,FALSE
353,W,340,W,FALSE, ,FALSE,FALSE
354,N,341,E,FALSE,E,FALSE,FALSE
355,R,342,R,FALSE,E,FALSE,FALSE
356,K,343,K,FALSE,E,FALSE,FALSE
357,R,344,K,FALSE,E,FALSE,FALSE
358,I,345,I,FALSE,E,FALSE,FALSE
359,S,346,S,FALSE, ,FALSE,FALSE
360,N,347,N,FALSE,S,FALSE,FALSE
361,C,348,C,FALSE,E,FALSE,FALSE
362,V,349,V,FALSE,E,FALSE,FALSE
363,A,350,A,FALSE, ,FALSE,FALSE
364,D,351,D,FALSE, ,FALSE,FALSE
365,Y,352,Y,FALSE,H,FALSE,FALSE
366,S,353,S,FALSE,H,FALSE,FALSE
367,V,354,V,FALSE,H,FALSE,FALSE
368,L,355,L,FALSE,H,FALSE,FALSE
369,Y,356,Y,FALSE,H,FALSE,FALSE
370,N,357,N,FALSE,T,FALSE,FALSE
371,S,358,S,FALSE,T,FALSE,FALSE
372,A,359,T,FALSE, ,FALSE,FALSE
373,S,360,F,FALSE, ,FALSE,FALSE
374,F,361,F,FALSE, ,FALSE,FALSE
375,S,362,S,FALSE,S,FALSE,FALSE
376,T,363,T,FALSE,E,FALSE,FALSE
377,F,364,F,FALSE,E,FALSE,FALSE
378,K,365,K,FALSE,E,FALSE,FALSE
379,C,366,C,FALSE,E,FALSE,FALSE
380,Y,367,Y,FALSE,S,FALSE,FALSE
381,G,368,G,FALSE,S,FALSE,FALSE
382,V,369,V,FALSE,S,FALSE,FALSE
383,S,370,S,FALSE, ,FALSE,FALSE
384,P,371,A,FALSE,H,FALSE,FALSE
385,T,372,T,FALSE,H,FALSE,FALSE
386,K,373,K,FALSE,H,FALSE,FALSE
387,L,374,L,FALSE,H,FALSE,FALSE
388,N,375,N,FALSE,T,FALSE,FALSE
389,D,376,D,FALSE,S,FALSE,FALSE
390,L,377,L,FALSE, ,FALSE,FALSE
391,C,378,C,FALSE, ,FALSE,FALSE
392,F,379,F,FALSE,B,FALSE,FALSE
393,T,380,S,FALSE,S,FALSE,FALSE
394,N,381,N,FALSE,E,FALSE,FALSE
395,V,382,V,FALSE,E,FALSE,FALSE
396,Y,383,Y,FALSE,E,FALSE,FALSE
397,A,384,A,FALSE,E,FALSE,FALSE
398,D,385,D,FALSE,E,FALSE,FALSE
399,S,386,S,FALSE,E,FALSE,FALSE
400,F,387,F,FALSE,E,FALSE,FALSE
401,V,388,V,FALSE,E,FALSE,FALSE
402,I,389,V,FALSE,E,FALSE,FALSE
403,R,390,K,FALSE,E,FALSE,FALSE
404,G,391,G,FALSE,G,FALSE,FALSE
405,D,392,D,FALSE,G,FALSE,FALSE
406,E,393,D,FALSE,G,FALSE,FALSE
407,V,394,V,FALSE,G,FALSE,FALSE
408,R,395,R,FALSE,G,FALSE,FALSE
409,Q,396,Q,FALSE,G,FALSE,FALSE
410,I,397,I,FALSE,S,FALSE,FALSE
411,A,398,A,FALSE,S,FALSE,FALSE
412,P,399,P,FALSE,T,FALSE,FALSE
413,G,400,G,FALSE,T,FALSE,FALSE
414,Q,401,Q,FALSE, ,FALSE,FALSE
415,T,402,T,FALSE, ,FALSE,FALSE
416,G,403,G,FALSE,S,FALSE,FALSE
417,K,404,V,FALSE,H,TRUE,FALSE
418,I,405,I,FALSE,H,FALSE,FALSE
419,A,406,A,FALSE,H,FALSE,FALSE
420,D,407,D,FALSE,H,FALSE,FALSE
421,Y,408,Y,FALSE,H,FALSE,FALSE
422,N,409,N,FALSE,T,FALSE,FALSE
423,Y,410,Y,FALSE, ,FALSE,FALSE
424,K,411,K,FALSE, ,FALSE,FALSE
425,L,412,L,FALSE, ,FALSE,FALSE
426,P,413,P,FALSE, ,FALSE,FALSE
427,D,414,D,FALSE,T,FALSE,FALSE
428,D,415,D,FALSE,T,FALSE,FALSE
429,F,416,F,FALSE, ,FALSE,FALSE
430,T,417,M,FALSE, ,FALSE,FALSE
431,G,418,G,FALSE,S,FALSE,FALSE
432,C,419,C,FALSE,E,FALSE,FALSE
433,V,420,V,FALSE,E,FALSE,FALSE
434,I,421,L,FALSE,E,FALSE,FALSE
435,A,422,A,FALSE,E,FALSE,FALSE
436,W,423,W,FALSE,E,FALSE,FALSE
437,N,424,N,TRUE,E,FALSE,FALSE
438,S,425,T,TRUE, ,FALSE,FALSE
439,N,426,R,TRUE,H,FALSE,TRUE
440,N,427,N,TRUE,H,FALSE,FALSE
441,L,428,I,TRUE,H,FALSE,FALSE
442,D,429,D,TRUE,H,FALSE,FALSE
443,S,430,A,TRUE, ,FALSE,FALSE
444,K,431,T,TRUE, ,FALSE,FALSE
445,V,432,S,TRUE,T,FALSE,FALSE
446,G,433,T,TRUE,T,TRUE,FALSE
447,G,434,G,TRUE, ,FALSE,FALSE
448,N,435,N,TRUE,B,FALSE,FALSE
449,Y,436,Y,TRUE, ,TRUE,TRUE
450,N,437,N,TRUE, ,FALSE,FALSE
451,Y,438,Y,TRUE, ,FALSE,FALSE
452,L,439,K,TRUE,E,FALSE,FALSE
453,Y,440,Y,TRUE,E,TRUE,TRUE
454,R,441,R,TRUE,E,FALSE,FALSE
455,L,442,Y,TRUE, ,TRUE,TRUE
456,F,443,L,TRUE, ,TRUE,TRUE
457,R,444,R,TRUE, ,FALSE,FALSE
458,K,445,H,TRUE,S,FALSE,FALSE
459,S,446,G,TRUE,S,FALSE,FALSE
460,N,447,K,TRUE, ,FALSE,FALSE
461,L,448,L,TRUE, ,FALSE,FALSE
462,K,449,R,TRUE, ,FALSE,FALSE
463,P,450,P,TRUE,T,FALSE,FALSE
464,F,451,F,TRUE,T,FALSE,FALSE
465,E,452,E,TRUE, ,FALSE,FALSE
466,R,453,R,TRUE, ,FALSE,FALSE
467,D,454,D,TRUE, ,FALSE,FALSE
468,I,455,I,TRUE, ,FALSE,FALSE
469,S,456,S,TRUE, ,FALSE,FALSE
470,T,457,N,TRUE, ,FALSE,FALSE
471,E,458,V,TRUE, ,FALSE,FALSE
472,I,459,P,TRUE, ,FALSE,FALSE
473,Y,460,F,TRUE,E,FALSE,FALSE
474,Q,461,S,TRUE,E,FALSE,FALSE
475,A,462,P,TRUE, ,TRUE,FALSE
476,G,463,D,TRUE,S,FALSE,FALSE
477,S,464,G,TRUE,S,FALSE,FALSE
478,T,465,K,TRUE,S,FALSE,FALSE
479,P,466,P,TRUE, ,FALSE,FALSE
480,C,467,C,TRUE, ,FALSE,FALSE
481,N,468,T,TRUE,T,FALSE,FALSE
482,G,469,P,TRUE,T,FALSE,FALSE
483,V,NA,NA,TRUE,S,FALSE,FALSE
484,E,470,P,TRUE, ,FALSE,FALSE
485,G,471,A,TRUE,B,FALSE,FALSE
486,F,472,L,TRUE,T,TRUE,TRUE
487,N,473,N,TRUE,T,TRUE,TRUE
488,C,474,C,TRUE,E,FALSE,FALSE
489,Y,475,Y,TRUE,E,TRUE,TRUE
490,F,476,W,TRUE, ,FALSE,FALSE
491,P,477,P,TRUE,S,FALSE,FALSE
492,L,478,L,TRUE,E,FALSE,FALSE
493,Q,479,N,TRUE,E,TRUE,TRUE
494,S,480,D,TRUE,E,FALSE,FALSE
495,Y,481,Y,TRUE, ,FALSE,FALSE
496,G,482,G,TRUE, ,TRUE,TRUE
497,F,483,F,TRUE,B,FALSE,FALSE
498,Q,484,Y,TRUE, ,TRUE,TRUE
499,P,485,T,TRUE,T,FALSE,FALSE
500,T,486,T,TRUE,T,TRUE,TRUE
501,N,487,T,TRUE,S,TRUE,TRUE
502,G,488,G,TRUE, ,TRUE,TRUE
503,V,489,I,TRUE,G,FALSE,TRUE
504,G,490,G,TRUE,G,FALSE,FALSE
505,Y,491,Y,TRUE,G,TRUE,TRUE
506,Q,492,Q,TRUE,S,FALSE,FALSE
507,P,493,P,TRUE,E,FALSE,FALSE
508,Y,494,Y,TRUE,E,FALSE,FALSE
509,R,495,R,FALSE,E,FALSE,FALSE
510,V,496,V,FALSE,E,FALSE,FALSE
511,V,497,V,FALSE,E,FALSE,FALSE
512,V,498,V,FALSE,E,FALSE,FALSE
513,L,499,L,FALSE,E,FALSE,FALSE
514,S,500,S,FALSE,E,FALSE,FALSE
515,F,501,F,FALSE,E,FALSE,FALSE
516,E,502,E,FALSE,E,FALSE,FALSE
517,L,503,L,FALSE, ,FALSE,FALSE
518,L,504,L,FALSE, ,FALSE,FALSE
519,H,505,N,FALSE,S,FALSE,FALSE
520,A,506,A,FALSE,S,FALSE,FALSE
521,P,507,P,FALSE, ,FALSE,FALSE
522,A,508,A,FALSE, ,FALSE,FALSE
523,T,509,T,FALSE, ,FALSE,FALSE
524,V,510,V,FALSE,E,FALSE,FALSE
525,C,511,C,FALSE,E,FALSE,FALSE
526,G,512,G,FALSE, ,FALSE,FALSE
527,P,513,P,FALSE,NA,FALSE,FALSE
528,K,514,K,FALSE,NA,FALSE,FALSE
529,K,515,L,FALSE,NA,FALSE,FALSE
530,S,516,S,FALSE,NA,FALSE,FALSE
531,T,517,T,FALSE,NA,FALSE,FALSE